,Book Name,Price,Availability
0,A Light in the ...,Â£51.77,In stock
1,Tipping the Velvet,Â£53.74,In stock
2,Soumission,Â£50.10,In stock
3,Sharp Objects,Â£47.82,In stock
4,Sapiens: A Brief History ...,Â£54.23,In stock
5,The Requiem Red,Â£22.65,In stock
6,The Dirty Little Secrets ...,Â£33.34,In stock
7,The Coming Woman: A ...,Â£17.93,In stock
8,The Boys in the ...,Â£22.60,In stock
9,The Black Maria,Â£52.15,In stock
10,Starving Hearts (Triangular Trade ...,Â£13.99,In stock
11,Shakespeare's Sonnets,Â£20.66,In stock
12,Set Me Free,Â£17.46,In stock
13,Scott Pilgrim's Precious Little ...,Â£52.29,In stock
14,Rip it Up and ...,Â£35.02,In stock
15,Our Band Could Be ...,Â£57.25,In stock
16,Olio,Â£23.88,In stock
17,Mesaerion: The Best Science ...,Â£37.59,In stock
18,Libertarianism for Beginners,Â£51.33,In stock
19,It's Only the Himalayas,Â£45.17,In stock
20,In Her Wake,Â£12.84,In stock
21,How Music Works,Â£37.32,In stock
22,Foolproof Preserving: A Guide ...,Â£30.52,In stock
23,Chase Me (Paris Nights ...,Â£25.27,In stock
24,Black Dust,Â£34.53,In stock
25,Birdsong: A Story in ...,Â£54.64,In stock
26,America's Cradle of Quarterbacks: ...,Â£22.50,In stock
27,Aladdin and His Wonderful ...,Â£53.13,In stock
28,Worlds Elsewhere: Journeys Around ...,Â£40.30,In stock
29,Wall and Piece,Â£44.18,In stock
30,The Four Agreements: A ...,Â£17.66,In stock
31,The Five Love Languages: ...,Â£31.05,In stock
32,The Elephant Tree,Â£23.82,In stock
33,The Bear and the ...,Â£36.89,In stock
34,Sophie's World,Â£15.94,In stock
35,Penny Maybe,Â£33.29,In stock
36,Maude (1883-1993):She Grew Up ...,Â£18.02,In stock
37,"In a Dark, Dark ...",Â£19.63,In stock
38,Behind Closed Doors,Â£52.22,In stock
39,You can't bury them ...,Â£33.63,In stock
40,Slow States of Collapse: ...,Â£57.31,In stock
41,Reasons to Stay Alive,Â£26.41,In stock
42,Private Paris (Private #10),Â£47.61,In stock
43,#HigherSelfie: Wake Up Your ...,Â£23.11,In stock
44,Without Borders (Wanderlove #1),Â£45.07,In stock
45,When We Collided,Â£31.77,In stock
46,"We Love You, Charlie ...",Â£50.27,In stock
47,Untitled Collection: Sabbath Poems ...,Â£14.27,In stock
48,Unseen City: The Majesty ...,Â£44.18,In stock
49,Unicorn Tracks,Â£18.78,In stock
50,Unbound: How Eight Technologies ...,Â£25.52,In stock
51,Tsubasa: WoRLD CHRoNiCLE 2 ...,Â£16.28,In stock
52,Throwing Rocks at the ...,Â£31.12,In stock
53,This One Summer,Â£19.49,In stock
54,Thirst,Â£17.27,In stock
55,The Torch Is Passed: ...,Â£19.09,In stock
56,The Secret of Dreadwillow ...,Â£56.13,In stock
57,The Pioneer Woman Cooks: ...,Â£56.41,In stock
58,The Past Never Ends,Â£56.50,In stock
59,The Natural History of ...,Â£45.22,In stock
60,The Nameless City (The ...,Â£38.16,In stock
61,The Murder That Never ...,Â£54.11,In stock
62,The Most Perfect Thing: ...,Â£42.96,In stock
63,The Mindfulness and Acceptance ...,Â£23.89,In stock
64,The Life-Changing Magic of ...,Â£16.77,In stock
65,The Inefficiency Assassin: Time ...,Â£20.59,In stock
66,The Gutsy Girl: Escapades ...,Â£37.13,In stock
67,The Electric Pencil: Drawings ...,Â£56.06,In stock
68,The Death of Humanity: ...,Â£58.11,In stock
69,The Bulletproof Diet: Lose ...,Â£49.05,In stock
70,The Art Forger,Â£40.76,In stock
71,The Age of Genius: ...,Â£19.73,In stock
72,The Activist's Tao Te ...,Â£32.24,In stock
73,Spark Joy: An Illustrated ...,Â£41.83,In stock
74,Soul Reader,Â£39.58,In stock
75,Security,Â£39.25,In stock
76,"Saga, Volume 6 (Saga ...",Â£25.02,In stock
77,"Saga, Volume 5 (Saga ...",Â£51.04,In stock
78,Reskilling America: Learning to ...,Â£19.83,In stock
79,"Rat Queens, Vol. 3: ...",Â£50.40,In stock
80,"Princess Jellyfish 2-in-1 Omnibus, ...",Â£13.61,In stock
81,Princess Between Worlds (Wide-Awake ...,Â£13.34,In stock
82,"Pop Gun War, Volume ...",Â£18.97,In stock
83,"Political Suicide: Missteps, Peccadilloes, ...",Â£36.28,In stock
84,Patience,Â£10.16,In stock
85,"Outcast, Vol. 1: A ...",Â£15.44,In stock
86,orange: The Complete Collection ...,Â£48.41,In stock
87,Online Marketing for Busy ...,Â£46.35,In stock
88,On a Midnight Clear,Â£14.07,In stock
89,Obsidian (Lux #1),Â£14.86,In stock
90,My Paris Kitchen: Recipes ...,Â£33.37,In stock
91,Masks and Shadows,Â£56.40,In stock
92,Mama Tried: Traditional Italian ...,Â£14.02,In stock
93,"Lumberjanes, Vol. 2: Friendship ...",Â£46.91,In stock
94,"Lumberjanes, Vol. 1: Beware ...",Â£45.61,In stock
95,Lumberjanes Vol. 3: A ...,Â£19.92,In stock
96,"Layered: Baking, Building, and ...",Â£40.11,In stock
97,Judo: Seven Steps to ...,Â£53.90,In stock
98,Join,Â£35.67,In stock
99,In the Country We ...,Â£22.00,In stock
100,Immunity: How Elie Metchnikoff ...,Â£57.36,In stock
101,"I Hate Fairyland, Vol. ...",Â£29.17,In stock
102,I am a Hero ...,Â£54.63,In stock
103,How to Be Miserable: ...,Â£46.03,In stock
104,Her Backup Boyfriend (The ...,Â£33.97,In stock
105,"Giant Days, Vol. 2 ...",Â£22.11,In stock
106,Forever and Forever: The ...,Â£29.69,In stock
107,First and First (Five ...,Â£15.97,In stock
108,Fifty Shades Darker (Fifty ...,Â£21.96,In stock
109,Everydata: The Misinformation Hidden ...,Â£54.35,In stock
110,Don't Be a Jerk: ...,Â£37.97,In stock
111,Danganronpa Volume 1,Â£51.99,In stock
112,Crown of Midnight (Throne ...,Â£43.29,In stock
113,"Codename Baboushka, Volume 1: ...",Â£36.72,In stock
114,Camp Midnight,Â£17.08,In stock
115,Call the Nurse: True ...,Â£29.14,In stock
116,Burning,Â£28.81,In stock
117,Bossypants,Â£49.46,In stock
118,"Bitch Planet, Vol. 1: ...",Â£37.92,In stock
119,Avatar: The Last Airbender: ...,Â£28.09,In stock
120,Algorithms to Live By: ...,Â£30.81,In stock
121,A World of Flavor: ...,Â£42.95,In stock
122,"A Piece of Sky, ...",Â£56.76,In stock
123,A Murder in Time,Â£16.64,In stock
124,A Flight of Arrows ...,Â£55.53,In stock
125,A Fierce and Subtle ...,Â£28.13,In stock
126,A Court of Thorns ...,Â£52.37,In stock
127,(Un)Qualified: How God Uses ...,Â£54.00,In stock
128,You Are What You ...,Â£21.87,In stock
129,William Shakespeare's Star Wars: ...,Â£43.30,In stock
130,Tuesday Nights in 1980,Â£21.04,In stock
131,Tracing Numbers on a ...,Â£41.60,In stock
132,Throne of Glass (Throne ...,Â£35.07,In stock
133,Thomas Jefferson and the ...,Â£59.64,In stock
134,Thirteen Reasons Why,Â£52.72,In stock
135,The White Cat and ...,Â£58.08,In stock
136,The Wedding Dress,Â£24.12,In stock
137,The Vacationers,Â£42.15,In stock
138,The Third Wave: An ...,Â£12.61,In stock
139,The Stranger,Â£17.44,In stock
140,The Shadow Hero (The ...,Â£33.14,In stock
141,The Secret (The Secret ...,Â£27.37,In stock
142,The Regional Office Is ...,Â£51.36,In stock
143,The Psychopath Test: A ...,Â£36.00,In stock
144,The Project,Â£10.65,In stock
145,The Power of Now: ...,Â£43.54,In stock
146,The Omnivore's Dilemma: A ...,Â£38.21,In stock
147,The Nerdy Nummies Cookbook: ...,Â£37.34,In stock
148,The Murder of Roger ...,Â£44.10,In stock
149,The Mistake (Off-Campus #2),Â£43.29,In stock
150,The Matchmaker's Playbook (Wingmen ...,Â£55.85,In stock
151,The Love and Lemons ...,Â£37.60,In stock
152,The Long Shadow of ...,Â£10.97,In stock
153,The Kite Runner,Â£41.82,In stock
154,The House by the ...,Â£36.95,In stock
155,The Glittering Court (The ...,Â£44.28,In stock
156,The Girl on the ...,Â£55.02,In stock
157,The Genius of Birds,Â£17.24,In stock
158,The Emerald Mystery,Â£23.15,In stock
159,The Cookies & Cups ...,Â£41.25,In stock
160,The Bridge to Consciousness: ...,Â£32.00,In stock
161,The Artist's Way: A ...,Â£38.49,In stock
162,The Art of War,Â£33.34,In stock
163,The Argonauts,Â£10.93,In stock
164,The 10% Entrepreneur: Live ...,Â£27.55,In stock
165,Suddenly in Love (Lake ...,Â£55.99,In stock
166,Something More Than This,Â£16.24,In stock
167,Soft Apocalypse,Â£26.12,In stock
168,So You've Been Publicly ...,Â£12.23,In stock
169,Shoe Dog: A Memoir ...,Â£23.99,In stock
170,"Shobu Samurai, Project Aryoku ...",Â£29.06,In stock
171,Secrets and Lace (Fatal ...,Â£20.27,In stock
172,Scarlett Epstein Hates It ...,Â£43.55,In stock
173,Romero and Juliet: A ...,Â£36.94,In stock
174,Redeeming Love,Â£20.47,In stock
175,Poses for Artists Volume ...,Â£41.06,In stock
176,Poems That Make Grown ...,Â£14.19,In stock
177,"Nightingale, Sing",Â£38.28,In stock
178,Night Sky with Exit ...,Â£41.05,In stock
179,Mrs. Houdini,Â£30.25,In stock
